﻿<?xml version="1.0" encoding="UTF-8" ?>
<theme>
	<!-- Icons -->
	<!-- Fugue Icons by Yusuke Kamiyamane - http://p.yusukekamiyamane.com -->
	<icons>
		<set_16px>
			<icon name="square-small-green"/>
			<icon name="square-small-blue"/>
			<icon name="square-small-red"/>
			<icon name="square-small-gray"/>
			<icon name="film"/>
			<icon name="magnifier-left"/>
			<icon name="folder-small-horizontal"/>
			<icon name="application-small-blue"/>
			<icon name="application-small"/>
			<icon name="arrow-circle-315"/>
			<icon name="navigation-270-button"/>
			<icon name="gear"/>
			<icon name="cross"/>
			<icon name="plus"/>
			<icon name="minus"/>
			<icon name="arrow-090"/>
			<icon name="arrow-270"/>
			<icon name="funnel-small"/>
			<icon name="funnel-cross"/>
			<icon name="funnel-tick"/>
			<icon name="funnel-plus"/>
			<icon name="funnel-pencil"/>
			<icon name="calendar-month"/>
			<icon name="category"/>
			<icon name="sort-quantity-descending"/>
			<icon name="balloon-left"/>
			<icon name="clock"/>
			<icon name="home"/>
			<icon name="document-attribute"/>
			<icon name="chart"/>
			<icon name="feed"/>
			<icon name="ui-scroll-pane-detail"/>
			<icon name="document-import"/>
			<icon name="document-export"/>
		</set_16px>
		<set_24px>
			<icon name="arrow-circle-double-135"/>
			<icon name="folder-open"/>
			<icon name="application-export"/>
			<icon name="gear"/>
			<icon name="taiga"/>
			<icon name="globe"/>
			<icon name="inbox-document"/>
			<icon name="application-sidebar-list"/>
			<icon name="document-question"/>
			<icon name="megaphone"/>
			<icon name="feed"/>
		</set_24px>
	</icons>

	<!-- List -->
	<list>
		<progress>
			<border      type="solid" value_1="E0E0E0"/>
			<background  type="solid" value_1="F0F0F0"/>
			<button      type="solid" value_1="646464"/>
			<separator   type="solid" value_1="E0E0E0"/>
			<watching    type="solid" value_1="60C653"/>
			<completed   type="solid" value_1="60C653"/>
			<onhold      type="solid" value_1="60C653"/>
			<dropped     type="solid" value_1="60C653"/>
			<plantowatch type="solid" value_1="60C653"/>
			<available   type="solid" value_1="4B9940"/>
			<aired       type="solid" value_1="D8D8D8"/>
		</progress>
	</list>
</theme>